Workbook
Name Credes: People!$A$2:$B$12

Sheet Letters
A1: Identifier | B1: URL | C1: Title | D1: Author | E1: Recipient | F1: Date | G1: Origin | H1: Extent | I1: Year | J1: Author_Birth | K1: Images | L1: Transcription | M1: Tokenization
A2: Crede_0064 | B2: =HYPERLINK(_xlfn.CONCAT("https://migrantconnections.org/s/mobile_en/item/",INDEX([1]Sheet2!A$2:A$91,MATCH(A2,[1]Sheet2!G$2:G$73,0)))) -> https://migrantconnections.org/s/mobile_en/item/5031 | C2: Heinrich Carl Crede and Clotilde Crede to Hermann Crede and Maria Crede, February 25, 1860 | D2: Clothilde Schröder (Crede)|Heinrich Carl Crede | E2: Hermann Carl Crede|Marie Spöhler (Crede) | F2: 1860-02-25 | G2: Cassel, Hesse | H2: 8 | I2: =VALUE(LEFT(F2,4)) -> 1860 | J2: {=_xlfn.TEXTJOIN("|",,_xlfn.XLOOKUP(_xlfn.TEXTSPLIT(D2,"|"),People!A$2:A$12,People!B$2:B$12,FALSE))} -> 1814|1811 | K2: {=_xlfn.TEXTJOIN("|",,_xlfn.CONCAT(A2,"_",TEXT(_xlfn.SEQUENCE(H2),"0000"),".jpg"))} -> Crede_0064_00010002000300040005000600070008.jpg | L2: =A2 & ".doc" -> Crede_0064.doc | M2: =_xlfn.TEXTAFTER(B2,"/",6) & ".xml" -> 5031.xml
A3: Crede_0065 | B3: =HYPERLINK(_xlfn.CONCAT("https://migrantconnections.org/s/mobile_en/item/",INDEX([1]Sheet2!A$2:A$91,MATCH(A3,[1]Sheet2!G$2:G$73,0)))) -> https://migrantconnections.org/s/mobile_en/item/5032 | C3: Heinrich Carl Crede and Clotilde Crede to Hermann Crede and Maria Crede, June 23, 1860 | D3: Heinrich Carl Crede|Clothilde Schröder (Crede) | E3: Hermann Carl Crede | F3: 1860-06-23 | G3: Cassel, Hesse | H3: 4 | I3: =VALUE(LEFT(F3,4)) -> 1860 | J3: {=_xlfn.TEXTJOIN("|",,_xlfn.XLOOKUP(_xlfn.TEXTSPLIT(D3,"|"),People!A$2:A$12,People!B$2:B$12,FALSE))} -> 1811|1814 | K3: {=_xlfn.CONCAT("Crede",TEXT(_xlfn.SEQUENCE(TEXT(H3,"0000")),"0000"))} -> Crede0001000200030004 | L3: =A3 & ".doc" -> Crede_0065.doc | M3: =_xlfn.TEXTAFTER(B3,"/",6) & ".xml" -> 5032.xml
A4: Crede_0066 | B4: =HYPERLINK(_xlfn.CONCAT("https://migrantconnections.org/s/mobile_en/item/",INDEX([1]Sheet2!A$2:A$91,MATCH(A4,[1]Sheet2!G$2:G$73,0)))) -> https://migrantconnections.org/s/mobile_en/item/2936 | C4: Heinrich Carl Crede and Clotilde Crede to Hermann Crede, March 3, 1861 | D4: Heinrich Carl Crede|Clothilde Schröder (Crede) | E4: Hermann Carl Crede | F4: 1861-03-03 | G4: Cassel, Hesse | H4: 4 | I4: =VALUE(LEFT(F4,4)) -> 1861 | J4: {=_xlfn.TEXTJOIN("|",,_xlfn.XLOOKUP(_xlfn.TEXTSPLIT(D4,"|"),People!A$2:A$12,People!B$2:B$12,FALSE))} -> 1811|1814 | L4: =A4 & ".doc" -> Crede_0066.doc | M4: =_xlfn.TEXTAFTER(B4,"/",6) & ".xml" -> 2936.xml
A5: Crede_0067 | B5: =HYPERLINK(_xlfn.CONCAT("https://migrantconnections.org/s/mobile_en/item/",INDEX([1]Sheet2!A$2:A$91,MATCH(A5,[1]Sheet2!G$2:G$73,0)))) -> https://migrantconnections.org/s/mobile_en/item/2945 | C5: Heinrich Carl Crede and Clotilde Crede to Hermann Crede, 25. April 1861 | D5: Heinrich Carl Crede|Clothilde Schröder (Crede) | E5: Hermann Carl Crede|Marie Spöhler (Crede) | F5: 1861-04-25 | G5: Cassel, Hesse | H5: 2 | I5: =VALUE(LEFT(F5,4)) -> 1861 | J5: {=_xlfn.TEXTJOIN("|",,_xlfn.XLOOKUP(_xlfn.TEXTSPLIT(D5,"|"),People!A$2:A$12,People!B$2:B$12,FALSE))} -> 1811|1814 | L5: =A5 & ".doc" -> Crede_0067.doc | M5: =_xlfn.TEXTAFTER(B5,"/",6) & ".xml" -> 2945.xml
A6: Crede_0068 | B6: =HYPERLINK(_xlfn.CONCAT("https://migrantconnections.org/s/mobile_en/item/",INDEX([1]Sheet2!A$2:A$91,MATCH(A6,[1]Sheet2!G$2:G$73,0)))) -> https://migrantconnections.org/s/mobile_en/item/5059 | C6: Heinrich Carl Crede and Clotilde Crede to Hermann Crede, November 22, 1861 | D6: Heinrich Carl Crede|Clothilde Schröder (Crede) | E6: Hermann Carl Crede | F6: 1861-11-22 | G6: Cassel, Hesse | H6: 4 | I6: =VALUE(LEFT(F6,4)) -> 1861 | J6: {=_xlfn.TEXTJOIN("|",,_xlfn.XLOOKUP(_xlfn.TEXTSPLIT(D6,"|"),People!A$2:A$12,People!B$2:B$12,FALSE))} -> 1811|1814 | L6: =A6 & ".doc" -> Crede_0068.doc | M6: =_xlfn.TEXTAFTER(B6,"/",6) & ".xml" -> 5059.xml
A7: Crede_0069 | B7: =HYPERLINK(_xlfn.CONCAT("https://migrantconnections.org/s/mobile_en/item/",INDEX([1]Sheet2!A$2:A$91,MATCH(A7,[1]Sheet2!G$2:G$73,0)))) -> https://migrantconnections.org/s/mobile_en/item/5060 | C7: Heinrich Carl Crede and Clotilde Crede to Hermann Crede, February 25, 1862 | D7: Clothilde Schröder (Crede) | E7: Hermann Carl Crede | F7: 1862-02-25 | G7: Cassel, Hesse | H7: 4 | I7: =VALUE(LEFT(F7,4)) -> 1862 | J7: {=_xlfn.TEXTJOIN("|",,_xlfn.XLOOKUP(_xlfn.TEXTSPLIT(D7,"|"),People!A$2:A$12,People!B$2:B$12,FALSE))} -> 1814 | L7: =A7 & ".doc" -> Crede_0069.doc | M7: =_xlfn.TEXTAFTER(B7,"/",6) & ".xml" -> 5060.xml
A8: Crede_0070 | B8: =HYPERLINK(_xlfn.CONCAT("https://migrantconnections.org/s/mobile_en/item/",INDEX([1]Sheet2!A$2:A$91,MATCH(A8,[1]Sheet2!G$2:G$73,0)))) -> https://migrantconnections.org/s/mobile_en/item/5061 | C8: Heinrich Carl and Clotilde Crede to Hermann Crede, August 11, 1862 | D8: Heinrich Carl Crede|Clothilde Schröder (Crede) | E8: Hermann Carl Crede | F8: 1862-08-11 | G8: Cassel, Hesse | H8: 6 | I8: =VALUE(LEFT(F8,4)) -> 1862 | J8: {=_xlfn.TEXTJOIN("|",,_xlfn.XLOOKUP(_xlfn.TEXTSPLIT(D8,"|"),People!A$2:A$12,People!B$2:B$12,FALSE))} -> 1811|1814 | L8: =A8 & ".doc" -> Crede_0070.doc | M8: =_xlfn.TEXTAFTER(B8,"/",6) & ".xml" -> 5061.xml
A9: Crede_0071 | B9: =HYPERLINK(_xlfn.CONCAT("https://migrantconnections.org/s/mobile_en/item/",INDEX([1]Sheet2!A$2:A$91,MATCH(A9,[1]Sheet2!G$2:G$73,0)))) -> https://migrantconnections.org/s/mobile_en/item/5062 | C9: Heinrich Carl Crede to Hermann Crede, January 8, 1863 | D9: Heinrich Carl Crede | E9: Hermann Carl Crede | F9: 1863-01-08 | G9: Cassel, Hesse | H9: 8 | I9: =VALUE(LEFT(F9,4)) -> 1863 | J9: {=_xlfn.TEXTJOIN("|",,_xlfn.XLOOKUP(_xlfn.TEXTSPLIT(D9,"|"),People!A$2:A$12,People!B$2:B$12,FALSE))} -> 1811 | L9: =A9 & ".doc" -> Crede_0071.doc | M9: =_xlfn.TEXTAFTER(B9,"/",6) & ".xml" -> 5062.xml
A10: Crede_0072 | B10: =HYPERLINK(_xlfn.CONCAT("https://migrantconnections.org/s/mobile_en/item/",INDEX([1]Sheet2!A$2:A$91,MATCH(A10,[1]Sheet2!G$2:G$73,0)))) -> https://migrantconnections.org/s/mobile_en/item/5087 | C10: Heinrich Carl Crede to Hermann Crede, August 23, 1863 | D10: Heinrich Carl Crede | E10: Hermann Carl Crede | F10: 1863-08-23 | G10: Cassel, Hesse | H10: 8 | I10: =VALUE(LEFT(F10,4)) -> 1863 | J10: {=_xlfn.TEXTJOIN("|",,_xlfn.XLOOKUP(_xlfn.TEXTSPLIT(D10,"|"),People!A$2:A$12,People!B$2:B$12,FALSE))} -> 1811 | L10: =A10 & ".doc" -> Crede_0072.doc | M10: =_xlfn.TEXTAFTER(B10,"/",6) & ".xml" -> 5087.xml
A11: Crede_0073 | B11: =HYPERLINK(_xlfn.CONCAT("https://migrantconnections.org/s/mobile_en/item/",INDEX([1]Sheet2!A$2:A$91,MATCH(A11,[1]Sheet2!G$2:G$73,0)))) -> https://migrantconnections.org/s/mobile_en/item/5088 | C11: Heinrich Carl Crede to Hermann Crede, January 27, 1864 | D11: Heinrich Carl Crede | E11: Hermann Carl Crede | F11: 1864-01-27 | G11: Cassel, Hesse | H11: 4 | I11: =VALUE(LEFT(F11,4)) -> 1864 | J11: {=_xlfn.TEXTJOIN("|",,_xlfn.XLOOKUP(_xlfn.TEXTSPLIT(D11,"|"),People!A$2:A$12,People!B$2:B$12,FALSE))} -> 1811 | L11: =A11 & ".doc" -> Crede_0073.doc | M11: =_xlfn.TEXTAFTER(B11,"/",6) & ".xml" -> 5088.xml
A12: Crede_0074 | B12: =HYPERLINK(_xlfn.CONCAT("https://migrantconnections.org/s/mobile_en/item/",INDEX([1]Sheet2!A$2:A$91,MATCH(A12,[1]Sheet2!G$2:G$73,0)))) -> https://migrantconnections.org/s/mobile_en/item/5089 | C12: Heinrich Carl Crede to Hermann Crede, September 27, 1864 | D12: Heinrich Carl Crede|Therese Crede (Winhold) | E12: Hermann Carl Crede | F12: 1864-09-27 | G12: Cassel, Hesse | H12: 4 | I12: =VALUE(LEFT(F12,4)) -> 1864 | J12: {=_xlfn.TEXTJOIN("|",,_xlfn.XLOOKUP(_xlfn.TEXTSPLIT(D12,"|"),People!A$2:A$12,People!B$2:B$12,FALSE))} -> 1811|1853 | L12: =A12 & ".doc" -> Crede_0074.doc | M12: =_xlfn.TEXTAFTER(B12,"/",6) & ".xml" -> 5089.xml
A13: Crede_0075 | B13: =HYPERLINK(_xlfn.CONCAT("https://migrantconnections.org/s/mobile_en/item/",INDEX([1]Sheet2!A$2:A$91,MATCH(A13,[1]Sheet2!G$2:G$73,0)))) -> https://migrantconnections.org/s/mobile_en/item/5090 | C13: Crede family letter to Hermann Crede, September 27, 1864 | D13: Clothilde Schröder (Crede)|Adelheid Crede (Stock)|Therese Crede (Winhold) | E13: Hermann Carl Crede | F13: 1864-09-27 | G13: Cassel, Hesse | H13: 4 | I13: =VALUE(LEFT(F13,4)) -> 1864 | J13: {=_xlfn.TEXTJOIN("|",,_xlfn.XLOOKUP(_xlfn.TEXTSPLIT(D13,"|"),People!A$2:A$12,People!B$2:B$12,FALSE))} -> 1814|1851|1853 | L13: =A13 & ".doc" -> Crede_0075.doc | M13: =_xlfn.TEXTAFTER(B13,"/",6) & ".xml" -> 5090.xml
A14: Crede_0077 | B14: =HYPERLINK(_xlfn.CONCAT("https://migrantconnections.org/s/mobile_en/item/",INDEX([1]Sheet2!A$2:A$91,MATCH(A14,[1]Sheet2!G$2:G$73,0)))) -> https://migrantconnections.org/s/mobile_en/item/5122 | C14: Clotilde Crede to Hermann Crede, November 27, 1865 | D14: Clothilde Schröder (Crede) | E14: Hermann Carl Crede | F14: 1865 | G14: Cassel, Hesse | H14: 2 | I14: =VALUE(LEFT(F14,4)) -> 1865 | J14: {=_xlfn.TEXTJOIN("|",,_xlfn.XLOOKUP(_xlfn.TEXTSPLIT(D14,"|"),People!A$2:A$12,People!B$2:B$12,FALSE))} -> 1814 | L14: =A14 & ".doc" -> Crede_0077.doc | M14: =_xlfn.TEXTAFTER(B14,"/",6) & ".xml" -> 5122.xml
A15: Crede_0078 | B15: =HYPERLINK(_xlfn.CONCAT("https://migrantconnections.org/s/mobile_en/item/",INDEX([1]Sheet2!A$2:A$91,MATCH(A15,[1]Sheet2!G$2:G$73,0)))) -> https://migrantconnections.org/s/mobile_en/item/5123 | C15: Heinrich Carl Crede and Clotilde Crede to Hermann Crede, January 8, 1865 | D15: Adelheid Crede (Stock)|Therese Crede (Winhold)|Heinrich Carl Crede|Clothilde Schröder (Crede) | E15: Hermann Carl Crede | F15: 1865-01-08 | G15: Cassel, Hesse | H15: 4 | I15: =VALUE(LEFT(F15,4)) -> 1865 | J15: {=_xlfn.TEXTJOIN("|",,_xlfn.XLOOKUP(_xlfn.TEXTSPLIT(D15,"|"),People!A$2:A$12,People!B$2:B$12,FALSE))} -> 1851|1853|1811|1814 | L15: =A15 & ".doc" -> Crede_0078.doc | M15: =_xlfn.TEXTAFTER(B15,"/",6) & ".xml" -> 5123.xml
... A73: Crede_0162 | B73: =HYPERLINK(_xlfn.CONCAT("https://migrantconnections.org/s/mobile_en/item/",INDEX([1]Sheet2!A$2:A$91,MATCH(A73,[1]Sheet2!G$2:G$73,0)))) -> https://migrantconnections.org/s/mobile_en/item/5503 | C73: Therese Crede to Hermann Crede, June 8, 1886 | D73: Therese Crede (Winhold) | E73: Hermann Carl Crede | F73: 1886-06-08 | G73: Cassel, Hesse | H73: 4 | I73: =VALUE(LEFT(F73,4)) -> 1886 | J73: {=_xlfn.TEXTJOIN("|",,_xlfn.XLOOKUP(_xlfn.TEXTSPLIT(D73,"|"),People!A$2:A$12,People!B$2:B$12,FALSE))} -> 1853 | L73: =A73 & ".doc" -> Crede_0162.doc | M73: =_xlfn.TEXTAFTER(B73,"/",6) & ".xml" -> 5503.xml

Sheet People
A1: NAME | B1: BIRTH YEAR
A2: Adelheid Crede (Stock) | B2: 1851
A3: Angelina/Marie Crede | B3: 1843
A4: August Stock
A5: Clothilde Schröder (Crede) | B5: 1814
A6: Curt Crede
A7: Heinrich Carl Crede | B7: 1811
A8: Hermann Carl Crede | B8: 1836
A9: Karl Crede | B9: 1840
A10: Sophie Crede
A11: Therese Crede (Winhold) | B11: 1853
A12: Wilhelm Ernst Crede | B12: 1837

Sheet Sheet1
